{"cameraMode":{"drawMode":0,"name":"Shaded","section":"Shading Mode"},"sceneLighting":true,"audioPlay":false,"sceneViewState":{"m_AlwaysRefresh":false,"showFog":true,"showSkybox":false,"showFlares":true,"showImageEffects":true,"showParticleSystems":true,"showVisualEffectGraphs":true,"m_FxEnabled":true},"in2DMode":false,"pivot":{"x":-0.00012502074241638184,"y":0.12999999523162843,"z":1.1200000047683716},"rotation":{"x":-0.0727575272321701,"y":-0.7723503708839417,"z":0.08978313952684403,"w":-0.6247409582138062},"size":0.8609015345573425,"orthographic":true}