{"cameraMode":{"drawMode":0,"name":"Shaded","section":"Shading Mode"},"sceneLighting":false,"audioPlay":false,"sceneViewState":{"m_AlwaysRefresh":false,"showFog":true,"showSkybox":false,"showFlares":true,"showImageEffects":true,"showParticleSystems":true,"showVisualEffectGraphs":true,"m_FxEnabled":true},"in2DMode":false,"pivot":{"x":0.0366082638502121,"y":-0.010332345962524414,"z":0.5783308744430542},"rotation":{"x":-0.4684675633907318,"y":-0.5313988327980042,"z":0.5074625611305237,"w":-0.49067190289497378},"size":0.36899900436401369,"orthographic":true}